height;hash;time;nonce
338708; c08bb9944c6b5683fbceeb681801e304797e0b6c9ddf1970c601a1a3518e8d42; 1611094800; 75960530
338707; ae2d2b864f238c184c9d9a101cf2aeee42979235668523bc0d9785e61f96670e; 1611094787; 28180008
338706; 371ddcb7075ac7eec5a0285a77fdc46d16d4b1aad74e293d1e215cf103c56d0a; 1611094578; 586949421
338705; 87e5d6c34f8496d48bf82daa8bedc0e2f94d9f6d1bfa5a49925c350f8e7dbe73; 1611094526; 190562851
338704; 9ffe1023a646e0dc699381741dc8827c75cf5e53a6649cdcbaed7c8b03e4fd2e; 1611093924; 563670401
338703; 6891fd65b45b96d063112e2b0b086654af4efe670933e41babec4763b5e7293d; 1611093426; 475792358
338702; bff6f656596a25582578bc7ec6070a3f322f177ab858ec4135dcb20ba34549bf; 1611093239; 687018507
338701; 24d8289e504cc3043ff246b289418cea9a1b5764f408582c8222a9694c87ebe5; 1611092331; 56944142
338700; 5a7a5baf0237d6f6a2f31fc7ef1afd73a55aef1963561082809008516caf8987; 1611091598; 541930732
338699; bee5bb77b9004f24beccfb50340bf4b63416c20ebb7696039a79480d4f2f85e5; 1611091561; 59437612
338698; 9dc518246eb07cefb143e9010a8ae9d8bd0a5b12d799ad98558032cbc4de08f5; 1611091389; 198247475
338697; 9a5df26a4ad2c916d7d4d56ff313b45fb2a75bf2ba989936af3798bf7bd66383; 1611091286; 230995975
338696; 7bbaa654ed45727c72f110651e333bf8d22524aec0f5bc8ac7005a9dd6eb5298; 1611091142; 183378139
338695; f907e3222bdc5dd8da42bc967440c21fdb623f8b8ae50766915b753e84006f87; 1611090520; 110536633
338694; b151dde0d7b2492a98cb52287c0fe939715ff1c94cbe4986278dc560a09d46d8; 1611090312; 480185654
338693; 3c368511e9cbc0e28524f7ff391230d8bd0cedb1f135269d7b60fb24c1b00654; 1611089811; 830706912
338692; a7e22343e4d00564932811b2d99ac70dc52916d949289ecbd69b59dd5bf06971; 1611089492; 90435635
338691; 025f51f3a470b536412885b075f16ca67fe7c0d822bb6796cccdbc4e88b5939e; 1611089149; 108015067
338690; a58bd9f6b9bfeab3c7e0d62f74408e5cf16b7b0d8007ab6b437fa3ddb2587730; 1611089018; 63482279
338689; 00d051b548c173afec6cf56c4301b3a19d29c66adcb087f231c0051ecb04a403; 1611088860; 383372154
338688; 524594f341f2f86c25ea87d4017bca8bb21f3bcf01ac9b11ea6c705164646ad3; 1611087964; 41212717
338687; 4904a79797299da5fb00724c14eae74a4f5b88883ca1b11d91f89b02ce078b70; 1611087430; 2826682089
338686; de9fa17061c68b2ae9724de4e89ada2a4078ee6a05167bb41549930ed5e960e5; 1611086945; 597241975
338685; 1eac134f09dca2ed079722f9890eed93571c895dc7f641ce51873669180292bc; 1611086860; 276449721
338684; 05c5d4668148d83ab8841990b2fba35f09ccd73cdb2c2b0b86710272b6f735e7; 1611086047; 131693537
338683; ab5c8abca80ddc8eabcc38d09c2b466f8f4f70414796b127ac8deccf8237afc1; 1611085940; 560079107
338682; 7314546a1e4f5eda30bda29b585c7e907977f8f0ff89763e5e01967bc5d04fd1; 1611085825; 283479518
338681; 33742bdba9ca5876cd5e793ba0bd2471b93c3da6b290f330c88cdf080e4354e6; 1611085732; 196658060
338680; 64fdb3e23972f905e6cade5d19901587336fbd0f69b3f434b647c95c3bb89df2; 1611085418; 68019608
338679; 8c05f2594dd7da0b7348a8745da0b1657b6a459002b27488aa194f6d0a63aea6; 1611085216; 397722520
338678; af51728229f3b4813fa5125e3ffd5e5b0807853c1095fcc14c87476ef0d5b1a7; 1611085169; 97913855
338677; 1b9cb6e5a4d0a14bfffe6de0a55207c715d5a89cb5b78eb198e4ccad71cbda4e; 1611084960; 272589957
338676; d342a9a70011cb13441cddf347ec53460e657bcbbe09869e5fa1a1e151e7178b; 1611084910; 104136259
338675; 9afa750be246c89a45c95045ed7f9b7e0bbd13f6e315e9bbbb17764f6e3e93ec; 1611084092; 921642912
338674; 38b92b28bd60c3465722b1111f8566cb575bb847e3364e67695d44c132324f16; 1611083890; 754905961
338673; a85641424f6b46488d732e8dd7b8b9fbae7bd2700813e83c445afa2060a8fea0; 1611083864; 29889148
338672; 8e20d15837c6b957dbf013b174de86182996b0495ecff6a9b05a60729b43cf32; 1611083325; 781956193
338671; 6853cd2ed8de7a4d072a6e4389d655b39d1eb9e7a3221bfeb8672a80e3000244; 1611082966; 132767269
338670; 2ad83e85ae7a640c6bfd8e3c2d5a409eb8c9346123ad2700c20bcd58e39a2ff6; 1611082426; 164849265
338669; f1b8c696149f83a15769050f4b51d46ea388d6343c68630fc4b52d2a7e4d7a90; 1611082374; 97548667
338668; f67bb5ecafc8c3d35e46ac8164b4e1722dae0312e42564dace9f02313515a5a6; 1611082318; 105531769
338667; cb9ab6c0aa7b009fe0da43e0795751a5a0a82b5e7a55e5edeaba1780349a9b0a; 1611082299; 43966716
338666; 48dd0c3bb0d44c4c86520e6854f3557de88c95a72d94caf39bfa709332023446; 1611082293; 11976074
338665; ea9b4c4c138f4dfc1e3bc0c626ad8fc8f03cfd306b2f9ab1663ebe7f6e717787; 1611081782; 597681477
338664; f361af99d07c904b5d037b8b26a32c1f31e8ff730fd87446cc09b114b91c2bbb; 1611081278; 723679136
338663; b5776a3ee93bbc8154e1eb04a295b04d6b61a511b3a844d14e978dcd7f8aa203; 1611081231; 99012192
338662; 50b6cb17be0887ee8f7f76b5704c4a91dc54c8b2dccfb750a878b816810429ea; 1611080558; 144469682
338661; 72541b5c6d389f5b4eaebeae53b8c34fd9c1b604f261f5c29711518b27148714; 1611079929; 53877268
338660; 81fb128c5288f32ca5462a53f615b0c6ab7bcb4edbf0ff3fc60df4aa26e694e7; 1611079729; 78362432
338659; 90f02d91d2a31631b1113d2485a7f7451ce2604d2b0d0edd12ad35580ecc8243; 1611078851; 12155103
338658; 90aeb9ead433dd9bb18761bc4bd9c7ea402a171add50088ede508f096681c93c; 1611078545; 28032303
338657; d887daf6dfb3ae16b7a862d6ff2e5d6152194f80c766a0c619f42891ae746327; 1611078504; 69788985
338656; 48a2876efd7b7ea3846c70b7d6cfeff83523567823f39cf7c6be3e6cefdba704; 1611078451; 118696629
338655; ee1901de5f2da8332391e9888e3371dd96630a58296a522c8c687a3069cd776e; 1611078444; 14856467
338654; 35d1ebc421299c79d6af3f829f83857aaf628d368cd558735e57c50a5bd34fe7; 1611077639; 793983373
338653; a440ac5ddfaadf2e8adb11d24c9b672b1b07f7a89cc41b79945322d0aa0e6020; 1611077629; 23014573
338652; dcdc267984a1b284a032c37c05572bac8f008b6462a00b06a316206253a245e1; 1611077307; 71862823
338651; 3db7125ba7edb249b058ca01f7a2cb504073e63cb316eb8b456f0f1f70edd56d; 1611076714; 5408838
338650; 1098845865f6de0d6a244e91f6a551d5f409bc7a3e3ccb4032d441f8ba5e457d; 1611076450; 77694925
338649; e3cd3ac531dcdec8115c24456c6e86483a80794d4e5e84dfe73b9031ee2f8906; 1611076425; 39478648
338648; 77169cb5e2f4b79bce0a5822f4f2aaf8f8eb8c05e0895f0459ae31c006ffc3fe; 1611076147; 1163274
338647; a5a37ee83b431bec06c58ff10bdd473b00452eb1c303ee4c9e5d38f44bf185d4; 1611075522; 15108541
338646; 44a6fbf2051d5270c70564ec19a6941295726c85eaa3a0a0498975b84cbf4320; 1611075034; 680201699
338645; 3013144cfdb007c0d14ddbffa0f668eee210241a0b64b8b6c9c99af8e099a917; 1611074862; 494658754
338644; a91533147106f14183684618a6b2ceaa0cd3aa5acac4656ae342fcd2def843dd; 1611074496; 139626884
338643; be2f7152b4e3c7b1461ad5481dff6959707e415519692dbb754412bd49b3d30d; 1611074453; 127929471
338642; 69af047ac3e69dcb4e3de40c93e867d62323741e02a05e29d076d4f4b25e73f3; 1611073844; 107958457
338641; e63bdd9f7b20a6094209081d7d19fa2b35757ac4df6c64a04f7d063e1a5f8ffb; 1611073682; 321404007
338640; 7df185438316236affbbf1f168d45bf0c67c812fbdf91103342eac4aac339ef0; 1611073414; 1053511602
338639; 7c1faabc5a1c760bde8887c7a2f7a8dea6258d3700e2455b41ce9f9739775867; 1611073051; 184848207
338638; 25b4793506cbdd4214e2b1f813625cf8cf2db456baf4195fa32bd51e2a18b4f3; 1611072920; 386455052
338637; b4f1e02caac8f4f1407ce5fc515d138c997d9c0d0d8a10b4bdcff60163c3932b; 1611072756; 263606750
338636; 151eea16b1bd6409b87486174b83ca9582a35b6ca43c07e907d77d04c3b75b3d; 1611071995; 725321268
338635; 8f66cc07d4a88143a518ae41b8507aaa21031e2feb27cb40b6aa965fffdcb005; 1611070651; 495952967
338634; 2c55cdca8c31da4fd7968018414bc2130ab7170efb1a7337d2991ee515c5081d; 1611070495; 537457413
338633; 74a8d3534f8263f2699040f3446be34db2d9f52c7229fe9c25ae775b26b3cba6; 1611070399; 206989091
338632; 1d8c83d9e99431d9528c6c091f1e06e8e2554eb287e59e8e94b9a69e65669d9f; 1611067785; 3325257
338631; beb31511550ab65079b734ff74890d1ab3277993ced213a7ebbf47adc6b7b728; 1611067433; 237825133
338630; 2efa878b651728fc2d6d7acd598b8005e0e4e8f030a434a3ba5817f946211fae; 1611067248; 540336953
338629; 72efd1beaf57ed2673032de9335389d039bff9fc370fb8e4b37f49762632400c; 1611067025; 574222680
338628; 9a0f8fabd399dc26bb784edfa771e90ec3b829bf64b67351a0ca20c20f8fc46e; 1611066676; 142351223
338627; 293480647ae8ee57c07ede8bad2811f91144c90b3c60d489247ce17564175192; 1611066272; 50498867
338626; a3531eb29b6f41ce433ef6a17835fd54add459987497dfe1845d76ee613c5294; 1611065572; 276016691
338625; 65fbfcf0bb87b269c98cf86529b4d121705864f4c1e1d9de78c87e82e1345994; 1611065363; 332799219
338624; e51dd5733f036af2bcc702bfb9328a23257ff8d1a52ec41c2dab0f37414ee52f; 1611065002; 247793233
338623; cffcb5bade713e03d36169be2e0bb933818c438181dc93e58a02a260fd24d6d1; 1611064987; 19857005
338622; 661f51f7a09a1f678e78e56d9519ef8448e7850b12ab227e5ab436a24466f0b4; 1611064269; 383015353
338621; f23240906e44292c4803feba1c8cd61525910ed5caf0c120e3e88183f85d52f7; 1611064203; 137066259
338620; 7a84560633240207a565f449d3faa0871704dc89ee29593484a90cd4d1e5346b; 1611063893; 56725950
338619; 581cb43ba4381ed02fb6dd8e2ce06abb47d98f9e7092e6f5388a334b80aec4ce; 1611063830; 234682560
338618; c5f60ee752a33e3ed28143cd65f28acb2afe1b36d5a2258b62866361c4daa5fb; 1611063689; 107776189
338617; 3ee61c34fadeeeef2605f12639701eca3c923929e75191db2dd85883b42b8e8d; 1611063370; 113467708
338616; 03227e93d68a32818defd6caee545371b54e6125584ff7a21ed97489a28f09e6; 1611063326; 111672621
338615; 2c64ca1956fe59f251fa7d3b5cb698b44d19a6b8df45c7dd4c799d6cf99f7470; 1611062849; 733487731
338614; 0126f8d069132b141a4ec091948922f580d6484b115e179900a65772a1ed109e; 1611062762; 342319736
338613; 65130c254d43633b4743995db45501801c34ccef542e101a3dbeb7c050323ded; 1611062447; 55968076
338612; c5c77bd82dff43f283c4d9068a9bfb3c1b498e710c1478a0f64b638c02d6d065; 1611062033; 480982448
338611; c1b9dc546de3a21ccf536eb11cb13a6aeb01430c12f4f80afd2e633b312c8e86; 1611061849; 700527417
338610; ebfeb33ac5ec39a21d47c203e805bebc1ff43ea033c00469e905fc4a4d69d4cb; 1611061726; 290234100
338609; 27c36823bfadb20b1b269d2a93d4ecd5f9fb6b86d9949bc9eacdd43db28defe2; 1611061089; 179683221
338608; 487d3fa672a7fb81d7d8a965b089ab04283cf24168f3113dc290b9bda614adf3; 1611061035; 71252592
338607; 335ec89d86a384d86a47cbd3990e904947b10f0b250faa2c4746f4979bfc6a31; 1611060599; 175451783
338606; 2568436085ab4b9fa0c93b0c403fb47de7d7010f1a07feb19ab3df79b15ad249; 1611059299; 333216063
338605; 8cad9440cd4144708e32021fa7739404ad1ca3860577beb80c33f8c8606720b9; 1611059216; 215676267
338604; b34ec85be0d1f6e779bf41c893445c7f4eb0d5dc031814bb25434e90541d4415; 1611058184; 58070913
338603; 67043d7641e4a4ecc6af621ca1734afa629466cedd0ad5827abeb40fbaf8916e; 1611057922; 412913594
338602; 14325d6f3e54a6f7489a27a5a74381c756be5338297f0d959eef6c42ebdf9f9b; 1611057849; 50184151
338601; cc1fde01d78df05b83bc8ac0d52871d43180fff2ae929ca06057ebefb367a5a2; 1611057423; 139091841
338600; c90a906dd7c6e9832b468f66fa077bd86a140d18c97e08e771dc4949253fc59e; 1611056739; 213207541
338599; d24435541ce0276e9a83abf91b7f8d6e4c74fae55d726333a218777146a44b79; 1611055981; 641109988
338598; e3328b51084822a49f3e696381e3834f66003aaa27d0a17ba4f11aaf9f0a94d3; 1611055760; 309426970
338597; 436acd2a69cd67da3cc13f5dab6efd002656415149b8b41a4a3a3b31d9614d97; 1611055414; 126230963
338596; 62c4dc27cc1c18046054b1f11771a068f90819f79a238cf95e9fae25927e10ba; 1611055270; 369862440
338595; c6e05f78c81d3cf76da16272bd6c1934c34c5de54081fa302bd3c985678ccbcd; 1611055002; 790729121
338594; 010604d10c9fc195ec6c19c6b0f016232bac01ec1bc8b3bff44eeda2e9a92950; 1611054267; 611712423
338593; 0cab86847022b99ab6a9aca60da036b7467a8d1fca1acf7fef612a0199faf33e; 1611053689; 1073226438
338592; 62e7011361e9fd3d4735c3336a39fbfa81d780604ee2179d0b5406bc9a9cc6f0; 1611053638; 38936012
338591; a3868737e32400e89353ef67f319a52b6ca681d913928f7b61ee05b018043059; 1611053535; 273532538
338590; 884af5f90c985b4917644edc7e74b01cee87c05b6cf684eaa5f86ecd23aab0c8; 1611053282; 271985102
338589; 20831e3392a67656a4568f03ef593d3f987fe279382c00462fe75597f73759e7; 1611053231; 109566294
338588; 7247a8aaff1b6706ca4924b1528a482e175db46889219e90ada99e84b5d98123; 1611053212; 18298140
338587; 5a710646cc44056757a41e7116d1bbbe212d039db57ff5f7e743b6e34ea8d7b2; 1611052200; 391685130
338586; 291fb8741355c377d80e06ab09bdfda0d5de316a150c0604e878a4b509984d50; 1611051004; 112931257
338585; ae8dc20bae921b33fd09185402f05dc5e13fea3a6a5bb223b0c13ea7ebb738c6; 1611050922; 44738462
338584; 1001276acf00f6ca715bda6aab23a1ad27dc3d3e459e42fa7addaef1e5b5b2cf; 1611050156; 418945847
338583; c345266e49cc7a18aca07386060831515e1ca0db61c467a1f41360c1e622adb8; 1611050047; 262787772
338582; 557f2d91460654a050e9f8ca95da074be11eaed342068ca68a042befa544e875; 1611049476; 373729815
338581; f90f52ad5c7005ab1603af3257ecd1346c57d396a9e94165b4fd72e82545dc21; 1611048641; 666433710
338580; 981835ea7a204ba1efb8b250c50227f202c9934959f06d7a325fa7a59ade2a2f; 1611048162; 520515236
338579; 5b12f9e32da47aaee29a9969f107ef0d0cf7057b092cc6d2a77680f6f4508253; 1611048123; 67688852
338578; 53c5f81fd9b15dccaf5e56ba963a9bceb23d2de4bfa0d31d8f49fdbed8a97358; 1611047479; 790836691
338577; 3573dbd3df43215be56678a789d4a8005143b8087e2c2650111c36f488341902; 1611047469; 17045706
338576; a6a54c17d909403d80cd6acdf7f1aeef2b864c85d23ef05bc8cdbd64e34ebc22; 1611046337; 559620338
338575; 623d3b4b33ab6e8c29a6055cd84423a692d4ec5db956d26882af590d93db28d2; 1611046138; 819999599
338574; be34aae96307e50058d7915febee9f25855b8b01a569b22ded77d588d7ad9f7a; 1611046073; 191077472
338573; 381fb4e78a4e539c63674c50dfdbbb4d9f0adec023a16b0323ba35178fd1d4dd; 1611045699; 239719900
338572; 95504c0c11b254c3c79dbb28e73d3f05dfdde9f5a37e045e23760c25ab5c85af; 1611044726; 350969237
338571; 9b6f8e9fc09d8f10e87a36dbeb0bb9fb5c037569e74c320f06b94c743fe896ea; 1611044309; 446777187
338570; 0595cd41f7045e913a2cde7bad9c5021d5672db46da8522cf2791b48bcccc3c0; 1611044053; 855104477
338569; 7cefb9eeaddf4321ffb6a3d25cf7b33b165bcc9a9bb4539382ddc1c49b042319; 1611043889; 234077788
338568; fc39ca005e3fddc2b4cb0ebcfbf5a3303834a996eb752963301221aff187b81d; 1611043854; 88102913
338567; 4eb1a38af0b91598f776a05c86139319ce94c1c64d6dc95358e10f309b034c6f; 1611043165; 219856245
338566; c39f720e1a36756ab9e24e77f52b9d230c55b443a68e8086869012174d0b0234; 1611042966; 2617240251
338565; 593fef0e7c3c1d6a7eb43d5f57b9b2e7a0e0b0c593d90958ad88b31f4f0a6eb2; 1611041178; 128579573
338564; 44e5fd724752f39becd298a51c76bd4eada65724ecd6002414d460d8c862adcd; 1611040806; 189875857
338563; c019ab4a83bbaed015ae9a7ee367cc7f338cdf7b5bc9e568f9c3c2254e49f67e; 1611040081; 420379970
338562; 1864ba15b9cdd245cb2acdd10d2d604b9e3daf0e961bc5c2b62080a7f08f3205; 1611039631; 271407067
338561; 974687c6066803094799a16e480668238ab824d0b987d084f1e319ef1b8e3a60; 1611039139; 468930114
338560; 47f04bf03733dfac44a21d7f24c353929ac5ccaea81a75f5d4a68d88304cb9d7; 1611038638; 892684043
338559; a8b150c50e334ba231d70449f370d2658040c2b077ae4b2bf9eebf5750acf090; 1611037987; 162570373
338558; 7effc3e211aa0cf748e2f679ced3fde02a3ca0792adb869b3c88299ee7143434; 1611037242; 739855995
338557; e5f5eba14adf91e612db2935535f587d9413220ac211c3da43fb5843647e844b; 1611036896; 35102929
338556; 206951f7f4de1720fb285cec9c19201ffa81f1862c7ef7acd2e14bd485fd9147; 1611036246; 112230022
338555; ec8c836d816c291c0ae645023b7a313c9478eafba9ba0e0aea77666c24df1b9a; 1611035415; 1067753337
338554; 593a71332c40677a0a7cbd65dc909597199e872bf7f8a4f1e8c0ac1515cebf7a; 1611035406; 26534656
338553; 4f4a7d2de34ed5b71c51cc16fb1caf52f57bb8d87a2be8f70c1d6f0f6be3bb6a; 1611034831; 1157464020
338552; e03fa8f963f7c4208becb8ee98fee0c6792b9ebdb0150aaa4b125674bbe74264; 1611034793; 138996971
338551; 85a928d3571585158a34b3172c686d567db0d9db1b7eca455c0acb884d233034; 1611034517; 957001334
338550; 0d611aaec97c6234c39c8f94e8e35daff310d59728d93229eafe6be22d6c9d6f; 1611034157; 138818261
338549; c5d7cbe6d1dcc8a2859a25ca1e561b3c7789a064387ce834473c3519c73278f8; 1611033585; 726095850
338548; 11ff21ef8dfb1afb889657998646b2a902ecd0f187a312dc65d4c1d5e9492562; 1611033068; 69323492
338547; 5e1e4595025a65f58437e4e96be3fd5d20e73c63bba74a3549a1615d787b5d9b; 1611032341; 377869949
338546; 8f31fc4ae6c40f4ebbe2e7bcb287bcf77ba741bbc0fa6cd9e38ee21ba895bfa1; 1611032037; 28153310
338545; ea8671184ff1443ec11f5802e347b5b863f5c59d19d252766c996e87abaf44c0; 1611031706; 89140411
338544; 9d2883d0c734b62c52a2f1e7da3ccb7d2dc19132c82546aa44d7503be06e02f9; 1611031687; 62805465
338543; f3a8e3cd341bf27ff54883cc1ed2ebc8d2bbbdc4f86385a39fc186aac3c26c03; 1611031321; 131940007
338542; fd5c5bfbc3f5f836104c7fcb7624d755875259c90ad57bbfcabb7bf6615e9913; 1611030857; 167436254
338541; 9edb32c542e2f3074929c032a3bacb16fa1b07ac99c0fb735c188a0d31e26b8e; 1611030414; 33684401
338540; 55210e6b15e8b8bcb58d298d4674b812435394ce2b6ad0740d3a04ce263cb445; 1611030039; 186054522
338539; f8a81f2baab499559d08bddc41229024d7d34a9a548d30c84acc978f942be7fa; 1611029975; 107759559
338538; 54c2b97ad702104c4b6b7e93b0647cf9cedbad1e27f134e0c8783f90f03972c0; 1611029865; 119395088
338537; 0e0d6c4a8861b5fed2789717463dcc8697690b078a81185903113c46eefba598; 1611029823; 3712836354
338536; 76ac08409a077489697c8f5618948790c04bca1b79a4f34a3da4b78c2182efe8; 1611029225; 27523611
338535; a48642404b1b9c974fffadfa6c5b4475dd56c1cb6595ace2d1acdbd66c6d0e75; 1611028426; 29227058
338534; 5a69c2e3dc4e5b117aed27bfa7b062caa19957b660e1ea2317876de8abc76dc8; 1611028398; 161637321
338533; dc707418178c4479b555cabc11266c26959b5369ccecc59ba14c2e36fa08a475; 1611028116; 9652695
338532; e4f40ce2e920747c59d5393c08f6f7b882b0d13bbbbe50a882a874b9e6af85a2; 1611027744; 384697126
338531; 77ef6eb87d5f3b464f003ffa6f456dba0864270ffd62849a2d91277d25624d7e; 1611027719; 73756128
338530; c5cda9e1e41ece3c925d14e3dd382652251f0ce6a5d81071b05f22538bd0a68e; 1611027608; 444115179
338529; e65482028aa828a67e913f597ac06233bc8c0ee077083797976789db3c60a9cd; 1611026990; 12165834
338528; 834a6445e53026687f437075b46d3a6d2cd10458d00db6971eff03aaa495fbd0; 1611026700; 517805782
338527; 425c09883a67e222150112d82691dbe84e77c479c4759bc100277d4db1848eb3; 1611026240; 700168682
338526; 31584038999268f96e7448b0df54560ca32a42ec89edfa14f03ea49f8434b9af; 1611026141; 372768037
338525; 5d5ad3810152bd45777cf4d7efcd5b2b5860783ae7ebec38ded2d04ac86dee4b; 1611025793; 47563022
338524; 9b9b13a93b530f86069ae9a16f19ab7a4b1d533a7a778a7309c71aca5076c310; 1611025248; 325475321
338523; deaebcd286285b7d137f9beb5394a5cf0799c861580e28d743e86f35a7fad086; 1611024120; 601097524
338522; 0b0553629fa8de02d7f06fde5b88f903b4ff84cfcc29f0552d65c927639fe2a4; 1611024037; 249901203
338521; fe763403718e5d0628ccfcf81e975ca6c3ba5d6d7f1ffcb1f26ed04c6687625e; 1611023830; 567861525
338520; 66b6eeede4d8549cb9a12b7a23ef82143447ffa06ee92c578fa5a42e369b3e56; 1611023480; 311733430
338519; 9c6f447851ef39c4fa2c5cbd9a4e62add74aa02c511bfeea98a7280868630d1f; 1611022876; 739243219
338518; 08075f4b9510ad145247ee5337cc2f5a7f429e1b8702049ab1450d7fe7ef12fb; 1611022758; 52416011
338517; 4e374fa316a96b18eeb13c7041227737b38a3edbe0c2efc4325b3c21261ab32f; 1611022545; 155943175
338516; d214d805b06af45790d8200a9a64c450e29a357a4799734eed71c96a8301ecc5; 1611022370; 418233043
338515; a54ed2e724a3feecca40674465c287eb5c53226c46dc0ca2babd2d70d773bfe2; 1611022012; 150464816
338514; 6d3ded0855058bb6e1ae09cae6e080731f8753a9abef72853e1ae684baccd97b; 1611021173; 128187795
338513; a18019b5ae6ff6817815996feb431ce902dadf00a924342a5a0d459b0fb82c65; 1611020834; 205669273
338512; 96a93adeecbcc81a005b42d565e800b95b1e3afb213def23d4651854cb12d317; 1611020449; 212414562
338511; 9cd3f4352dd737172a9d9fc08f8e9a700c997438a272d5612a3cab50a374e87b; 1611020320; 463155220
338510; 20185e36ae8070820e4fd4f20742b2f9fdf8dbcc3b0c891d80bfe2cede61abf9; 1611020226; 1290210522
338509; f8e3487f8c8d94b467a307ce7b3a3e95298d3b0c1003d7edff7786fe4fd80a86; 1611019201; 372734631
338508; fab30264479c2ceb4846f49e91ae5e86ce54b76ba8b1da6d69fcb7f786004957; 1611018837; 143511945
338507; a7204f50ec50d4723cc8dd842daefea8f0fb76cca007a6fac88606b6171a29b3; 1611018755; 207462965
338506; 0d97abadd2b7a1f363bc9d0763b4b4d217bd213437b16ff2cc4e58b9143b0f8c; 1611018712; 28181026
338505; e55bd589d1b297358c9a9bb68916319d676939157496a205d35584a7bf179efd; 1611018313; 786221241
338504; 4c6b0e64d2402581f4ae8ccecc28b3ca0bfd21582965d92239051f829fbbd9aa; 1611018149; 571303362
338503; 0642cfbf1afcf16588897bf29bee382ff0dfa9fbfe6bec1bc37ae72135223e85; 1611017980; 657116838
338502; 678763683e4e8e932cdc950232bad6ac0e935418a11ec872e587ddf22752b310; 1611017900; 300246991
338501; 14bc38ada27691079baa262042987b2807189bd00286776bee9b0b5b25cb3e6f; 1611017639; 587273935
338500; 9272c037275e0103b64bf4480874f810cd132b204bd0ebc054492f6ab7819007; 1611017546; 204280323
338499; 6693d11e5cd7ee4fdc11896f94acbdbc25cf18dd9dcfc88f160748ab39c1eb76; 1611017213; 168873056
338498; f794e3cb5661293a4b8da703f1190d1d6b6e66987043e5c1e0a06a316116e58d; 1611016011; 96848604
338497; e91a8cb14cfbac68173eb4b30587aafd195690140c9e848452ec5d61390e328f; 1611015915; 130642697
338496; ac8c1a4323fe94ccc1d0fb03002e7781f9e3f2756dab30ca298953a00dadc79f; 1611015685; 376605403
338495; 8edc6dd8ed79e8214ad6f5dd9028b20a3b7d04793b82bc586d5a4550f920a17a; 1611015583; 468368862
338494; a17e38f5a523b9bb33b4e10de4fb884e024a4cb17dce18e11e5e434f2c8f2136; 1611015491; 307539834
338493; caa5383cebf65b2b315f36376ec7c946279d2721c2ddf54feb5c0a5f0ed0fcb8; 1611015409; 276073883
338492; c02b3ad5f2428f422d49e6493120931c889ad9edcd9dcbfd57c4d4090cf63d35; 1611015364; 3717959911
338491; f787bd8a3fb17aa08be2457a732bb5ac282576833d25e25fe10492187d7c767f; 1611015148; 343765449
338490; 87c7921d70134e5f0f111c319a2913b16ffdb4256f0fafe954dbab555d796a05; 1611015011; 585570013
338489; a7efe17f091d7501942c87323a308e404556844ece28ca463d20db2e295ab683; 1611014745; 615185375
338488; dea7afc8730cfbcf70ce28220592d2c6daabbc5840baba1a9527400c6ca9cec8; 1611014737; 14843354
338487; 2d2af0c821af15014dc74f5a1c2188845c16a2628bc87163cb69d6e9ec93e941; 1611014529; 1028936494
338486; 6632f09adb3c3f38dcff69ec35e1dd200c93f4922c2d529b5c7d2f20cdde5557; 1611014500; 79586364
338485; 48be4958ab964bbaa524ec8a9d8acae9594d009f6bdc3fc86771e87acd781209; 1611014470; 128803186
338484; 70b51cf8f4b9acdebaf16d0c89b3130e21e57a0f948a2f9dad81a25df1d2f12d; 1611014200; 338519356
338483; 4e324be1ce5ee6ea556125a097a1691084d72cc6222b799ded8bacbda7b266b0; 1611014191; 14328209
338482; a27cb9f3b5d6d229bca5cb5d68c9d2fc4f8cdc25554a0a93265650e99e9c802a; 1611013970; 145736967
338481; c12997ff652ea4e3ad55e73090ff039db778f0079366837dcb56299c37bae77d; 1611013674; 45416376
338480; f537b1c86e563de5af103064b5e91ffa2b9c690459a6c3f4a141c0e795381d5a; 1611013628; 98275528
338479; b2ef943bc81aab1439bdb06265a471668ca856210b9c5a6c9b6199f330541070; 1611013264; 159966006
338478; 0282bd306a4fa16a7bf047bfe435e4634b7676b876be9b126d45aa226ab1a3e1; 1611012868; 13363779
338477; e481396241425d94a9ca611443f9d53c3776dfbe2992300c8bd8b5076c57ec9a; 1611012675; 242221263
338476; 705c9355b95d154d9d823d5bdefe705b5153bdc6c445f63ea290948606fae92c; 1611012006; 331803364
338475; 342ede15326252c14f3780bced2f33050f756ab41f89e236fb9a6afb0f69512c; 1611011904; 398162352
338474; cbb7881fbe2acde2ebbe8050258c79f8a0e55b7a52568385020692ef2ab6d24a; 1611011698; 1004572275
338473; cdf2c835a818ef96120e16adb702fa807b184da797fae58cf51d68fe7a070b17; 1611011082; 69162141
338472; e14267af7807eab7da341fcdaf7c43475d2439265e9f5919156ce3bee591ecf3; 1611011065; 19489708
338471; b4b21d448e43585304b5772bf9d0d4ce5abe8e5289e679f14e1348b9fdb6cb43; 1611010572; 439623367
338470; 950d0c361ea519ea3697977e956c310ec513b8c3d245da04d5110e7837522e58; 1611009820; 175221389
338469; 3aaced868a0e523f129d5a703fe251bd1490c6ac6ee8413b62e541033b8b28c1; 1611009245; 771613000
338468; f32be2317093da3dea85b28b989abe122da2ccdf2b975485b9ac2a14fbe15fc8; 1611008827; 75298878
338467; db4d64bfe6318802b8bee464e501b6f1540c09d23b61a7a5beaa80ff59525639; 1611008797; 78890721
338466; c2eabb57713235030733e1cdc63781b40620fb3b2a9e81c0edff4e7f9f52d1ba; 1611008748; 123484595
338465; e86bb293acda02fd0e530dd7cba5e224361825cc28b382e34bf755c2887c4064; 1611008677; 45490479
338464; cf96544ef59490f5718db21ddb6d16b24db5975768b438ed09ed2787db659b27; 1611008575; 322587923
338463; 6a3ec0dc6196a4240148ecc061300e24313d2ebe4b23ef7c1cd8935fc951ffd9; 1611008543; 63459227
338462; d202dc883897acd64826dc7a3d389fe9d41211597d051c530ecb0428c208c3c3; 1611008528; 18759759
338461; 75fab12d1071202345e20dbe5703f7cf8e1ed4048536042f6f866108ed02839c; 1611007831; 84179988
338460; 4847e86de387f46959471471fc53c3400b530b3899d78d1650373ba220c72327; 1611006790; 376527118
338459; 46806dba44ce50b11878a0b7963347cc9297e471f7966e5f25cebb98f72dd55e; 1611006530; 523181600
338458; 5200d82974adacfd316a4e396b6de7fc8d79f98a62cf114cb77c8b4a948e68bb; 1611006247; 678818662
338457; 966345ac69d3bac8a76674dc2ff713d417d130d260bc5280bb98295a986f32da; 1611006218; 38471866
338456; 6254ac0c085134a87c428189921dec3bb18c8e16f091a22248f32d85f0ef4bf6; 1611006207; 2156307167
338455; b1b8d2d3951c63b28fb4a64f85f7a14bd74b6c7ee1139a48e74e247d232be7e4; 1611006184; 46033260
338454; 328e97ef237eed9f54fa77b1f0fa8333e0c0306f6e4e459278a1c66cccb41b45; 1611005943; 570897482
338453; 57c58039293b78a6937b0b12e4b0ab666f103df8b2bb08c8c1f053f55f647adb; 1611005147; 15096283
338452; db2567b26276017f9021dd65a5a3a34fb8e20b963a1b59ad83f5d4617efdc3e1; 1611004841; 29076791
338451; ba607c0410198034f3642fdf0d57293ad630a51f41f3b32c1835017fc4e0721e; 1611004555; 642810517
338450; fdde27ab13824e37df570447853b6d0c1bd30a14da4767de07766334098490cd; 1611004543; 24526253
338449; 87158873876180c06a9560cc9bd9190cd15289282732b2ac2373cf55837e83bc; 1611004181; 256212832
338448; 0e10dbf048708b4b111f7e772f4a9397bddcd976d21c4139dda2d19bf6ae1743; 1611003886; 1085825446
338447; 5d389388ca8866fb04b832e09c9a8393612463bd8da765503ccb9ede7dd5c6d4; 1611003827; 241540495
338446; 6fe8a1142895ca9a98f099decf3d82ee84db800570be39cc37946bbd8440e1fe; 1611003455; 2080461803
338445; cc293c68d0de2902d3530ba64efc948305ac488ad557a4e3af663ca9ecc8d845; 1611002906; 575660466
338444; 7f572858afb3a9d24857a6566945b74a3c52c9a6c89f8901c1d0fdf55620b590; 1611002096; 604940486
338443; d8e9ece8d77a050248fa1aa1b34a357dc769d98f439449e9e3d42d9a530674d6; 1611002041; 177306160
338442; 12c5f332b6aabde5448244f88f6a83e7d9ae7c30051f8f5aead067325097d0ff; 1611001880; 382472808
338441; f398ac933da34265a34d36b9512d53dc9f574f3de003c728e4ca547c16cf0616; 1611001854; 45462388
338440; 101af316aed6a70412f49d9819455f65a2aa007911456e01daa94a46011db06d; 1611001749; 3209633060
338439; af5107bfec97014f583c1a7982cb9ca6ad9acf43d457bc4058ed7e1830ff4a25; 1611001487; 548397341
338438; 9af1005cc1c8cbfb5de71916608530ec02d172b301e660eb4b37ea97479f2925; 1611001127; 4445160
338437; 699530ae49ea0d67831cd6bfd174650e03c20ecac5492ef5c955445c9d508834; 1611001013; 379814100
338436; 4bc7d1bf6d0151587c47a70ef0a3b4e5b23134cf99a9b1115f394fa67760a180; 1611000296; 368779121
338435; e42341f2249b2585841a5f3648c258c0ea162d108beeee4009221998ba8d9d4e; 1610999431; 1062887402
338434; a4f1f62bb105b485b5faafb919ee2a43a15e8aa4b0387e62664d28e85cf96d18; 1610999415; 38931054
338433; d436ddc87f8859699e08c22b25592894373340af58b8057b7b8b69a22c4389c7; 1610999395; 10482397
338432; 6585906d6615c1e7cfbe8230e4db94e98f41cfd838acb44016a4ecf30f04d60f; 1610998236; 146386268
338431; 5300141710d718f45c7eed50952df5ac9aaca22841ba6e3010f039da6630e496; 1610998114; 16510266
338430; 71dadfe904d0a9c7528c13ea55f28f79ddeaf9176d77281e84f8435742100e6a; 1610997504; 56558184
338429; b3c670988238f8f00b8dd5767546d1a90c03e4cc57945baa8152a20e69aa0081; 1610997141; 222393998
338428; ed599dd70b9f2190a53f5c6a839b6a381d1c019fe893947fcbe722d5befc57e1; 1610996914; 482453203
338427; 2e043e217f41213a83bab202bdc354defd7ea3a56c32eb840d4e32bd6740a865; 1610996220; 307810845
338426; 10a78db7bf6e40d1cce3b1231dc607f882015a3ff8250f3ffe5b828babf53929; 1610995668; 951593168
338425; b079f55ba26b48d300b5725efffa4ab02da5c1813cb58daeed5e14f03967ac78; 1610995230; 433836693
338424; 020423973a4e0f32179748f86e04e4e0db7f75c6134d219fd8ab40ff45bec88d; 1610995228; 2163345
338423; f1edbeaa0d73b4d7813c39f6bdc1cccbd8350e22caa26ec153c6d0221b070598; 1610994891; 107406841
338422; c6083945fc0b3f5907ab1eb3f850ddcb17bbee2cdfd3634bb9b683d6d45a7660; 1610994794; 528028269
338421; 96f7f5893584f1914fefa6497d5fbf231e77d1223b526a6b0af274cf05ec6e58; 1610994721; 3601268481
338420; ba8717517b5d924d5c0f7b8b965e6c0a4f3bbdf735109b87048c34badfba9dab; 1610994653; 1561110641
338419; 1fbe8747da7ed9213c580eb4ce0b6d6fdc8ae88fc2c2d4b729073e5f9a981a01; 1610994608; 146044020
338418; 27ec80b0d8d77fa34aaeefc0a1f8d213aed2ab93df74929905177832159cf830; 1610994452; 45828820
338417; 0cc9810f10d3d91a31fd2e3eaf8f38eec06a794fd3eb2c1680b9d5ec64693cd0; 1610994055; 2672089
338416; 0007961cd3188c03a0a5156ab5fc8ed1170362d3a17c8c16b337a97cccd385e4; 1610993938; 19075535
338415; 3f27f3db3f98cc63afb0a7714d555c4c52d06afe543b965fe9ba3c4fee0c0565; 1610993768; 427114307
338414; 6d30062d85488d0bd423f6c94d1d33fbdc29da94d03953e14b91d914c875b9f2; 1610993756; 14314822
338413; ce80b7e117b5656648a460f969932c1e63e0622cee9553601ebe69a0d3b999a1; 1610993540; 470281504
338412; 6e112d953ceebd8e9ec66436bdff644368114caad2e695b1344c648776a94d39; 1610993449; 348026999
338411; af94ecc5a71602cd3a3056131ff15c23af7d2cd778a82795c78591c2c8617e75; 1610993223; 611047899
338410; 3db6a305fdfc95349d3b51e149c1b4405ae31c588eaf32d22495f16a56a9212c; 1610992987; 1110731904
338409; dec214d225b5fab811a3e3d988faf9386535d79c573dc2503bbf0134d7966425; 1610992642; 96750375
338408; c968e57694b464528f459612ece74bf698b05ac4343fa6cf20ba4ca463aecf96; 1610992369; 589473245
338407; 3e507410169b9387a125869eaa4b4afd76aea1c6d1c124ff03a69b3bd10bcaa3; 1610991407; 348046240
338406; 9fe3e00a5940ed13db8e9bb3983901d8d05f4aef046a12334c29554e6269759e; 1610991267; 480077637
338405; 5ea4c7c37016320233f4e01f21504e8e1769143eda92af1029104ba2472b3532; 1610990629; 163061580
338404; 4b339ba2fb0e5933dc1086d74221f5d555e7dd40a43532cc85134819d9b9f0f8; 1610990453; 234150530
338403; 0278899b566a5475dca437a719ab95637d753c9517a0002568b96d548b83510f; 1610990356; 263155204
338741; 9c391ea83518de5b10e21bcc5ff5c467ef1fff5e3ce95189e97ca35d81b0f733; 1611103876; 295064412
338740; 381d32e4726fe059ea0f6b47de403da436b0b6e1f9a7ffa79964bd4569e7f4b2; 1611103303; 938999050
338739; 5bd6834c5dde56edf822165ae1fe9a566e797302bc7e077639479a11ebc9b404; 1611103043; 965682523
338738; 51ec51cd829c1381a8d045282728b1327cc05db05d4e423bad5a1e3f7057b05a; 1611102269; 636080212
338737; 4502549a558ba69aaaef4e7703aa423bf562c68637558d6f68e6309ec2adbc01; 1611101913; 24262319
338736; 45ec04d70d09a92fa4350c5a53e5dfbee4e9969da895abd0bfa70ed2fcced350; 1611101278; 80765060
338735; e755b329cb221a23cbb2eea45f14d37e21a52d0759b8f58b020a4d3ee640d5cf; 1611100742; 89447588
338734; 4cf2412058f41b222a4835a95871bc5d2904420e9936683e61b080d8ed8fb217; 1611100578; 426566622
338733; 7694ec807b94d807577a88fae1f5e6e8e9871643da1895ede18c5ce7d52af993; 1611100473; 353740549
338732; e1a8ae450969872057d7c2f82e2112a5a6b9b5a2c621e9a75a21cd6e514197c7; 1611100158; 6772290
338731; 989f75bb4166bc2bb3466813863f92de69be6c545031c3049fef67a2a70379f1; 1611099836; 667572973
338730; 3a6405a99d4bef5a26d61feeac51502137a75333ce5e66bc311bc42068433b76; 1611099790; 64309100
338729; 042a3e71c7f41be3d30518890b58239ae96a212fe1ffeb5f9d0688be611b3493; 1611099418; 43685144
338728; 3db80e3ee3dd3b012c5e0fe9a245ef8536c5f2b991ad9920a5100b36915ea168; 1611098939; 511800762
338727; b12b463626d8f676c5c395e5abded20c8f791daa39b3acb07dd717902f9ac2af; 1611098609; 46401364
338726; 36ac0a532d5e369a1062791e8f6d052bb43c83606e61168bd6efb50b4c0c84f9; 1611098432; 226353981
338725; 2fe479b95127fe92c7b2aade2c613152c9a2e68af0aa11c23d7bd98aaf16a1ce; 1611098204; 597520178
338724; 7e82f627db3664fbd2b08f4320dbb10200ef28d95219c648b978cf65d7c6ecb3; 1611098116; 275182171
338723; e98e20f168c0ea7d9b0081bd562f968873d22bec0c0e7f34e45f50675c9f545a; 1611097995; 206458008
338722; 05831980d25f84b75a709610a768cca75d31055938c8a52f02551e3d856e7149; 1611097473; 81780302
338721; 272782d6453543aec089505a365d53f15740051d4eb5985d73bebca8d4ca25ae; 1611095903; 86618432
